{
	"textures": {
		"0": "animated_java:blueprint/npc/alex",
		"particle": "minecraft:item/pufferfish"
	},
	"display": {
		"head": {
			"rotation": [0, 180, 0]
		}
	},
	"elements": [
		{
			"from": [6.125, -1.125, 6.125],
			"to": [8.9375, 10.125, 9.875],
			"rotation": {
				"angle": 0,
				"axis": "y",
				"origin": [5.1875, -12.625, 0.5]
			},
			"faces": {
				"north": {
					"uv": [9, 13, 9.75, 16],
					"texture": "#0"
				},
				"east": {
					"uv": [8, 13, 9, 16],
					"texture": "#0"
				},
				"south": {
					"uv": [10.5, 13, 11.5, 16],
					"texture": "#0"
				},
				"west": {
					"uv": [9.75, 13, 10.5, 16],
					"texture": "#0"
				},
				"up": {
					"uv": [9.75, 13, 9, 12],
					"texture": "#0"
				},
				"down": {
					"uv": [10.5, 12, 9.75, 13],
					"texture": "#0"
				}
			}
		},
		{
			"from": [5.89062, -1.35938, 5.89062],
			"to": [9.17188, 10.35938, 10.10938],
			"rotation": {
				"angle": 0,
				"axis": "y",
				"origin": [5.1875, -12.625, 0.5]
			},
			"faces": {
				"north": {
					"uv": [13, 13, 13.75, 16],
					"texture": "#0"
				},
				"east": {
					"uv": [12, 13, 13, 16],
					"texture": "#0"
				},
				"south": {
					"uv": [14.5, 13, 15.5, 16],
					"texture": "#0"
				},
				"west": {
					"uv": [13.75, 13, 14.5, 16],
					"texture": "#0"
				},
				"up": {
					"uv": [13.75, 13, 13, 12],
					"texture": "#0"
				},
				"down": {
					"uv": [14.5, 12, 13.75, 13],
					"texture": "#0"
				}
			}
		}
	]
}