{
	"textures": {
		"0": "animated_java:blueprint/npc/alex",
		"particle": "minecraft:item/pufferfish"
	},
	"display": {
		"head": {
			"rotation": [0, 180, 0]
		}
	},
	"elements": [
		{
			"from": [7.0625, -1.125, 6.125],
			"to": [9.875, 10.125, 9.875],
			"rotation": {
				"angle": 0,
				"axis": "y",
				"origin": [-4.1875, -12.625, 0.5]
			},
			"faces": {
				"north": {
					"uv": [11, 5, 11.75, 8],
					"texture": "#0"
				},
				"east": {
					"uv": [10, 5, 11, 8],
					"texture": "#0"
				},
				"south": {
					"uv": [12.75, 5, 13.5, 8],
					"texture": "#0"
				},
				"west": {
					"uv": [11.75, 5, 12.75, 8],
					"texture": "#0"
				},
				"up": {
					"uv": [11.75, 5, 11, 4],
					"texture": "#0"
				},
				"down": {
					"uv": [12.5, 4, 11.75, 5],
					"texture": "#0"
				}
			}
		},
		{
			"from": [6.82812, -1.35938, 5.89062],
			"to": [10.10938, 10.35938, 10.10938],
			"rotation": {
				"angle": 0,
				"axis": "y",
				"origin": [-4.1875, -12.625, 0.5]
			},
			"faces": {
				"north": {
					"uv": [11, 9, 11.75, 12],
					"texture": "#0"
				},
				"east": {
					"uv": [10, 9, 11, 12],
					"texture": "#0"
				},
				"south": {
					"uv": [12.75, 9, 13.5, 12],
					"texture": "#0"
				},
				"west": {
					"uv": [11.75, 9, 12.75, 12],
					"texture": "#0"
				},
				"up": {
					"uv": [11.75, 9, 11, 8],
					"texture": "#0"
				},
				"down": {
					"uv": [12.5, 8, 11.75, 9],
					"texture": "#0"
				}
			}
		}
	]
}