{
	"textures": {
		"0": "animated_java:blueprint/npc/alex",
		"particle": "minecraft:item/pufferfish"
	},
	"display": {
		"head": {
			"rotation": [0, 180, 0]
		}
	},
	"elements": [
		{
			"from": [6.125, -3, 6.125],
			"to": [9.875, 8.25, 9.875],
			"rotation": {
				"angle": 0,
				"axis": "y",
				"origin": [-1.28125, -3.25, 0.40625]
			},
			"faces": {
				"north": {
					"uv": [1, 5, 2, 8],
					"texture": "#0"
				},
				"east": {
					"uv": [0, 5, 1, 8],
					"texture": "#0"
				},
				"south": {
					"uv": [3, 5, 4, 8],
					"texture": "#0"
				},
				"west": {
					"uv": [2, 5, 3, 8],
					"texture": "#0"
				},
				"up": {
					"uv": [2, 5, 1, 4],
					"texture": "#0"
				},
				"down": {
					"uv": [3, 4, 2, 5],
					"texture": "#0"
				}
			}
		},
		{
			"from": [5.89062, -3.23438, 5.89062],
			"to": [10.10938, 8.48438, 10.10938],
			"rotation": {
				"angle": 0,
				"axis": "y",
				"origin": [-1.28125, -3.25, 0.40625]
			},
			"faces": {
				"north": {
					"uv": [1, 9, 2, 12],
					"texture": "#0"
				},
				"east": {
					"uv": [0, 9, 1, 12],
					"texture": "#0"
				},
				"south": {
					"uv": [3, 9, 4, 12],
					"texture": "#0"
				},
				"west": {
					"uv": [2, 9, 3, 12],
					"texture": "#0"
				},
				"up": {
					"uv": [2, 9, 1, 8],
					"texture": "#0"
				},
				"down": {
					"uv": [3, 8, 2, 9],
					"texture": "#0"
				}
			}
		}
	]
}