{
  "model": {
    "type": "minecraft:select",
    "property": "minecraft:custom_model_data",
    "cases": [
      {
        "when": "guajian1",
        "model": {
          "type": "minecraft:model",
          "model": "item/guajian1"
        }
      }, {
        "when": "guajian2",
        "model": {
          "type": "minecraft:model",
          "model": "item/guajian2"
        }
      }, {
        "when": "guajian3",
        "model": {
          "type": "minecraft:model",
          "model": "item/guajian3"
        }
      }, {
        "when": "guajian4",
        "model": {
          "type": "minecraft:model",
          "model": "item/guajian4"
        }
      }, {
        "when": "guajian5",
        "model": {
          "type": "minecraft:model",
          "model": "item/guajian5"
        }
      }, {
        "when": "guajian6",
        "model": {
          "type": "minecraft:model",
          "model": "item/guajian6"
        }
      }, {
        "when": "guajian7",
        "model": {
          "type": "minecraft:model",
          "model": "item/guajian7"
        }
      }, {
        "when": "guajian8",
        "model": {
          "type": "minecraft:model",
          "model": "item/guajian8"
        }
      }
    ],
    "fallback": {
      "type": "minecraft:model",
      "model": "minecraft:item/bone"
    }
  }
}