{
  "model": {
    "type": "minecraft:select",
    "property": "minecraft:custom_model_data",
    "cases": [
      {
        "when": "da",
        "model": {
          "type": "minecraft:model",
          "model": "item/da"
        }
      }, {
        "when": "cao",
        "model": {
          "type": "minecraft:model",
          "model": "item/cao"
        }
      }, {
        "when": "jing",
        "model": {
          "type": "minecraft:model",
          "model": "item/jing"
        }
      }, {
        "when": "she",
        "model": {
          "type": "minecraft:model",
          "model": "item/she"
        }
      }, {
        "when": "dan",
        "model": {
          "type": "minecraft:model",
          "model": "item/dan"
        }
      }, {
        "when": "daa",
        "model": {
          "type": "minecraft:model",
          "model": "item/daa"
        }
      }, {
        "when": "bao",
        "model": {
          "type": "minecraft:model",
          "model": "item/bao"
        }
      }, {
        "when": "tian",
        "model": {
          "type": "minecraft:model",
          "model": "item/tian"
        }
      }, {
        "when": "yan",
        "model": {
          "type": "minecraft:model",
          "model": "item/yan"
        }
      }, {
        "when": "nian",
        "model": {
          "type": "minecraft:model",
          "model": "item/nian"
        }
      }, {
        "when": "yi",
        "model": {
          "type": "minecraft:model",
          "model": "item/yi"
        }
      }, {
        "when": "shou",
        "model": {
          "type": "minecraft:model",
          "model": "item/shou"
        }
      }, {
        "when": "feng",
        "model": {
          "type": "minecraft:model",
          "model": "item/feng"
        }
      }, {
        "when": "xiong",
        "model": {
          "type": "minecraft:model",
          "model": "item/xiong"
        }
      }, {
        "when": "hua",
        "model": {
          "type": "minecraft:model",
          "model": "item/hua"
        }
      }, {
        "when": "ji",
        "model": {
          "type": "minecraft:model",
          "model": "item/ji"
        }
      }
    ],
    "fallback": {
      "type": "minecraft:model",
      "model": "minecraft:item/red_dye"
    }
  }
}