{
  "model": {
    "type": "minecraft:select",
    "property": "minecraft:custom_model_data",
    "cases": [
      {
        "when": "1",
        "model": {
          "type": "minecraft:model",
          "model": "item/1"
        }
      }, {
        "when": "2",
        "model": {
          "type": "minecraft:model",
          "model": "item/2"
        }
      }, {
        "when": "3",
        "model": {
          "type": "minecraft:model",
          "model": "item/3"
        }
      }, {
        "when": "4",
        "model": {
          "type": "minecraft:model",
          "model": "item/4"
        }
      }, {
        "when": "5",
        "model": {
          "type": "minecraft:model",
          "model": "item/5"
        }
      }, {
        "when": "6",
        "model": {
          "type": "minecraft:model",
          "model": "item/6"
        }
      }, {
        "when": "7",
        "model": {
          "type": "minecraft:model",
          "model": "item/7"
        }
      }, {
        "when": "8",
        "model": {
          "type": "minecraft:model",
          "model": "item/8"
        }
      }, {
        "when": "9",
        "model": {
          "type": "minecraft:model",
          "model": "item/9"
        }
      }, {
        "when": "10",
        "model": {
          "type": "minecraft:model",
          "model": "item/10"
        }
      }, {
        "when": "11",
        "model": {
          "type": "minecraft:model",
          "model": "item/11"
        }
      }, {
        "when": "12",
        "model": {
          "type": "minecraft:model",
          "model": "item/12"
        }
      }, {
        "when": "13",
        "model": {
          "type": "minecraft:model",
          "model": "item/13"
        }
      }, {
        "when": "14",
        "model": {
          "type": "minecraft:model",
          "model": "item/14"
        }
      }, {
        "when": "15",
        "model": {
          "type": "minecraft:model",
          "model": "item/15"
        }
      }
    ],
    "fallback": {
      "type": "minecraft:model",
      "model": "minecraft:item/redstone"
    }
  }
}