{
  "model": {
    "type": "minecraft:select",
    "property": "minecraft:custom_model_data",
    "cases": [
      {
        "when": "guan01",
        "model": {
          "type": "minecraft:model",
          "model": "item/guan01"
        }
      }, {
        "when": "guan02",
        "model": {
          "type": "minecraft:model",
          "model": "item/guan02"
        }
      }, {
        "when": "guan03",
        "model": {
          "type": "minecraft:model",
          "model": "item/guan03"
        }
      }, {
        "when": "guan04",
        "model": {
          "type": "minecraft:model",
          "model": "item/guan04"
        }
      }, {
        "when": "guan05",
        "model": {
          "type": "minecraft:model",
          "model": "item/guan05"
        }
      }
    ],
    "fallback": {
      "type": "minecraft:model",
      "model": "minecraft:item/sugar"
    }
  }
}