{
	"credit": "Made with Blockbench",
	"textures": {
		"0": "item/7",
		"particle": "item/7"
	},
	"elements": [
		{
			"from": [0, 0, 0],
			"to": [2, 8, 8],
			"faces": {
				"north": {"uv": [8, 0, 10, 8], "texture": "#0"},
				"east": {"uv": [0, 0, 8, 8], "texture": "#0"},
				"south": {"uv": [8, 8, 10, 16], "texture": "#0"},
				"west": {"uv": [0, 8, 8, 16], "texture": "#0"},
				"up": {"uv": [12, 8, 10, 0], "texture": "#0"},
				"down": {"uv": [12, 8, 10, 16], "texture": "#0"}
			}
		}
	],
	"display": {}
}