{
	"credit": "Made with Blockbench",
	"texture_size": [64, 64],
	"textures": {
		"0": "item/guajian5",
		"particle": "guajian"
	},
	"elements": [
		{
			"from": [2.5, 9, 6],
			"to": [15.5, 22, 8],
			"rotation": {"angle": -45, "axis": "z", "origin": [9, 15.5, 7]},
			"faces": {
				"north": {"uv": [0, 0, 3.25, 3.25], "texture": "#0"},
				"east": {"uv": [5.25, 0, 5.75, 3.25], "texture": "#0"},
				"south": {"uv": [0, 3.25, 3.25, 6.5], "texture": "#0"},
				"west": {"uv": [5.25, 3.25, 5.75, 6.5], "texture": "#0"},
				"up": {"uv": [9, 0.5, 5.75, 0], "texture": "#0"},
				"down": {"uv": [9, 0.5, 5.75, 1], "texture": "#0"}
			}
		},
		{
			"from": [1.5, 2, 6],
			"to": [4.5, 4, 8],
			"rotation": {"angle": -45, "axis": "z", "origin": [9, 15.5, 7]},
			"faces": {
				"north": {"uv": [8.75, 6, 9.5, 6.5], "texture": "#0"},
				"east": {"uv": [5.75, 10, 6.25, 10.5], "texture": "#0"},
				"south": {"uv": [8.75, 6.5, 9.5, 7], "texture": "#0"},
				"west": {"uv": [10.25, 6, 10.75, 6.5], "texture": "#0"},
				"up": {"uv": [9.5, 7.5, 8.75, 7], "texture": "#0"},
				"down": {"uv": [9.5, 8.5, 8.75, 9], "texture": "#0"}
			}
		},
		{
			"from": [-1.5, 1, 6],
			"to": [2.5, 3, 8],
			"rotation": {"angle": -45, "axis": "z", "origin": [9, 15.5, 7]},
			"faces": {
				"north": {"uv": [6.75, 5.25, 7.75, 5.75], "texture": "#0"},
				"east": {"uv": [7.25, 10.25, 7.75, 10.75], "texture": "#0"},
				"south": {"uv": [6.75, 5.75, 7.75, 6.25], "texture": "#0"},
				"west": {"uv": [7.75, 10.25, 8.25, 10.75], "texture": "#0"},
				"up": {"uv": [7.75, 6.75, 6.75, 6.25], "texture": "#0"},
				"down": {"uv": [7.75, 6.75, 6.75, 7.25], "texture": "#0"}
			}
		},
		{
			"from": [-4.5, 8, 6],
			"to": [-2.5, 11, 8],
			"rotation": {"angle": -45, "axis": "z", "origin": [9, 15.5, 7]},
			"faces": {
				"north": {"uv": [9, 0, 9.5, 0.75], "texture": "#0"},
				"east": {"uv": [9, 2, 9.5, 2.75], "texture": "#0"},
				"south": {"uv": [3, 9, 3.5, 9.75], "texture": "#0"},
				"west": {"uv": [3.5, 9, 4, 9.75], "texture": "#0"},
				"up": {"uv": [8.75, 10.75, 8.25, 10.25], "texture": "#0"},
				"down": {"uv": [10.75, 8.25, 10.25, 8.75], "texture": "#0"}
			}
		},
		{
			"from": [-5.5, 5, 6],
			"to": [-3.5, 9, 8],
			"rotation": {"angle": -45, "axis": "z", "origin": [9, 15.5, 7]},
			"faces": {
				"north": {"uv": [7.25, 1, 7.75, 2], "texture": "#0"},
				"east": {"uv": [6.75, 7.25, 7.25, 8.25], "texture": "#0"},
				"south": {"uv": [7.25, 7.25, 7.75, 8.25], "texture": "#0"},
				"west": {"uv": [7.5, 2, 8, 3], "texture": "#0"},
				"up": {"uv": [9.25, 10.75, 8.75, 10.25], "texture": "#0"},
				"down": {"uv": [9.75, 10.25, 9.25, 10.75], "texture": "#0"}
			}
		},
		{
			"from": [-9.03122, 13.02513, 6],
			"to": [-7.03122, 18.02513, 8],
			"rotation": {"angle": 0, "axis": "y", "origin": [9, 15.5, 7]},
			"faces": {
				"north": {"uv": [0, 6.5, 0.5, 7.75], "texture": "#0"},
				"east": {"uv": [0.5, 6.5, 1, 7.75], "texture": "#0"},
				"south": {"uv": [1, 6.5, 1.5, 7.75], "texture": "#0"},
				"west": {"uv": [1.5, 6.5, 2, 7.75], "texture": "#0"},
				"up": {"uv": [0.5, 11, 0, 10.5], "texture": "#0"},
				"down": {"uv": [1, 10.5, 0.5, 11], "texture": "#0"}
			}
		},
		{
			"from": [-1.5, 11, 6],
			"to": [2.5, 13, 8],
			"rotation": {"angle": -45, "axis": "z", "origin": [9, 15.5, 7]},
			"faces": {
				"north": {"uv": [7.5, 3, 8.5, 3.5], "texture": "#0"},
				"east": {"uv": [1, 10.5, 1.5, 11], "texture": "#0"},
				"south": {"uv": [7.5, 3.5, 8.5, 4], "texture": "#0"},
				"west": {"uv": [1.5, 10.5, 2, 11], "texture": "#0"},
				"up": {"uv": [8.5, 4.5, 7.5, 4], "texture": "#0"},
				"down": {"uv": [8.5, 4.5, 7.5, 5], "texture": "#0"}
			}
		},
		{
			"from": [-3.5, 10, 6],
			"to": [-0.5, 12, 8],
			"rotation": {"angle": -45, "axis": "z", "origin": [9, 15.5, 7]},
			"faces": {
				"north": {"uv": [4, 9, 4.75, 9.5], "texture": "#0"},
				"east": {"uv": [2, 10.5, 2.5, 11], "texture": "#0"},
				"south": {"uv": [7.75, 9, 8.5, 9.5], "texture": "#0"},
				"west": {"uv": [2.5, 10.5, 3, 11], "texture": "#0"},
				"up": {"uv": [9.25, 9.5, 8.5, 9], "texture": "#0"},
				"down": {"uv": [10, 0.75, 9.25, 1.25], "texture": "#0"}
			}
		},
		{
			"from": [4.5, 5, 6],
			"to": [6.5, 9, 8],
			"rotation": {"angle": -45, "axis": "z", "origin": [9, 15.5, 7]},
			"faces": {
				"north": {"uv": [0, 7.75, 0.5, 8.75], "texture": "#0"},
				"east": {"uv": [0.5, 7.75, 1, 8.75], "texture": "#0"},
				"south": {"uv": [1, 7.75, 1.5, 8.75], "texture": "#0"},
				"west": {"uv": [7.75, 1, 8.25, 2], "texture": "#0"},
				"up": {"uv": [3.5, 11, 3, 10.5], "texture": "#0"},
				"down": {"uv": [4, 10.5, 3.5, 11], "texture": "#0"}
			}
		},
		{
			"from": [3.5, 3, 6],
			"to": [5.5, 6, 8],
			"rotation": {"angle": -45, "axis": "z", "origin": [9, 15.5, 7]},
			"faces": {
				"north": {"uv": [4.75, 9, 5.25, 9.75], "texture": "#0"},
				"east": {"uv": [6.25, 9, 6.75, 9.75], "texture": "#0"},
				"south": {"uv": [9.25, 1.25, 9.75, 2], "texture": "#0"},
				"west": {"uv": [9.25, 5, 9.75, 5.75], "texture": "#0"},
				"up": {"uv": [4.5, 11, 4, 10.5], "texture": "#0"},
				"down": {"uv": [5, 10.5, 4.5, 11], "texture": "#0"}
			}
		},
		{
			"from": [13.5, 27, 6],
			"to": [16.5, 29, 8],
			"rotation": {"angle": -45, "axis": "z", "origin": [9, 15.5, 7]},
			"faces": {
				"north": {"uv": [6.75, 9.25, 7.5, 9.75], "texture": "#0"},
				"east": {"uv": [5, 10.5, 5.5, 11], "texture": "#0"},
				"south": {"uv": [9.25, 7.5, 10, 8], "texture": "#0"},
				"west": {"uv": [5.5, 10.5, 6, 11], "texture": "#0"},
				"up": {"uv": [10, 8.5, 9.25, 8], "texture": "#0"},
				"down": {"uv": [10, 9, 9.25, 9.5], "texture": "#0"}
			}
		},
		{
			"from": [15.5, 28, 6],
			"to": [19.5, 30, 8],
			"rotation": {"angle": -45, "axis": "z", "origin": [9, 15.5, 7]},
			"faces": {
				"north": {"uv": [1.5, 7.75, 2.5, 8.25], "texture": "#0"},
				"east": {"uv": [6, 10.5, 6.5, 11], "texture": "#0"},
				"south": {"uv": [7.75, 5, 8.75, 5.5], "texture": "#0"},
				"west": {"uv": [6.5, 10.5, 7, 11], "texture": "#0"},
				"up": {"uv": [8.75, 6, 7.75, 5.5], "texture": "#0"},
				"down": {"uv": [8.75, 6, 7.75, 6.5], "texture": "#0"}
			}
		},
		{
			"from": [20.5, 20, 6],
			"to": [22.5, 23, 8],
			"rotation": {"angle": -45, "axis": "z", "origin": [9, 15.5, 7]},
			"faces": {
				"north": {"uv": [9.5, 0, 10, 0.75], "texture": "#0"},
				"east": {"uv": [9.5, 2, 10, 2.75], "texture": "#0"},
				"south": {"uv": [9.5, 2.75, 10, 3.5], "texture": "#0"},
				"west": {"uv": [9.5, 3.5, 10, 4.25], "texture": "#0"},
				"up": {"uv": [10.25, 11, 9.75, 10.5], "texture": "#0"},
				"down": {"uv": [10.75, 10.5, 10.25, 11], "texture": "#0"}
			}
		},
		{
			"from": [21.5, 22, 6],
			"to": [23.5, 26, 8],
			"rotation": {"angle": -45, "axis": "z", "origin": [9, 15.5, 7]},
			"faces": {
				"north": {"uv": [2.5, 7.75, 3, 8.75], "texture": "#0"},
				"east": {"uv": [5.25, 7.75, 5.75, 8.75], "texture": "#0"},
				"south": {"uv": [7.75, 6.5, 8.25, 7.5], "texture": "#0"},
				"west": {"uv": [7.75, 7.5, 8.25, 8.5], "texture": "#0"},
				"up": {"uv": [11.25, 0.5, 10.75, 0], "texture": "#0"},
				"down": {"uv": [11.25, 0.5, 10.75, 1], "texture": "#0"}
			}
		},
		{
			"from": [25.03122, 12.97487, 6],
			"to": [27.03122, 17.97487, 8],
			"rotation": {"angle": 0, "axis": "y", "origin": [9, 15.5, 7]},
			"faces": {
				"north": {"uv": [2, 6.5, 2.5, 7.75], "texture": "#0"},
				"east": {"uv": [2.5, 6.5, 3, 7.75], "texture": "#0"},
				"south": {"uv": [5.25, 6.5, 5.75, 7.75], "texture": "#0"},
				"west": {"uv": [6.75, 1, 7.25, 2.25], "texture": "#0"},
				"up": {"uv": [11.25, 2.5, 10.75, 2], "texture": "#0"},
				"down": {"uv": [11.25, 2.5, 10.75, 3], "texture": "#0"}
			}
		},
		{
			"from": [15.5, 18, 6],
			"to": [19.5, 20, 8],
			"rotation": {"angle": -45, "axis": "z", "origin": [9, 15.5, 7]},
			"faces": {
				"north": {"uv": [8, 2, 9, 2.5], "texture": "#0"},
				"east": {"uv": [10.75, 3, 11.25, 3.5], "texture": "#0"},
				"south": {"uv": [8, 2.5, 9, 3], "texture": "#0"},
				"west": {"uv": [10.75, 3.5, 11.25, 4], "texture": "#0"},
				"up": {"uv": [9.25, 1.5, 8.25, 1], "texture": "#0"},
				"down": {"uv": [2.5, 8.25, 1.5, 8.75], "texture": "#0"}
			}
		},
		{
			"from": [18.5, 19, 6],
			"to": [21.5, 21, 8],
			"rotation": {"angle": -45, "axis": "z", "origin": [9, 15.5, 7]},
			"faces": {
				"north": {"uv": [4, 9.5, 4.75, 10], "texture": "#0"},
				"east": {"uv": [10.75, 6, 11.25, 6.5], "texture": "#0"},
				"south": {"uv": [9.5, 4.25, 10.25, 4.75], "texture": "#0"},
				"west": {"uv": [10.75, 6.5, 11.25, 7], "texture": "#0"},
				"up": {"uv": [10.25, 6.25, 9.5, 5.75], "texture": "#0"},
				"down": {"uv": [10.25, 6.25, 9.5, 6.75], "texture": "#0"}
			}
		},
		{
			"from": [11.5, 22, 6],
			"to": [13.5, 26, 8],
			"rotation": {"angle": -45, "axis": "z", "origin": [9, 15.5, 7]},
			"faces": {
				"north": {"uv": [6.25, 8, 6.75, 9], "texture": "#0"},
				"east": {"uv": [8.25, 6.5, 8.75, 7.5], "texture": "#0"},
				"south": {"uv": [6.75, 8.25, 7.25, 9.25], "texture": "#0"},
				"west": {"uv": [7.25, 8.25, 7.75, 9.25], "texture": "#0"},
				"up": {"uv": [7.5, 11.25, 7, 10.75], "texture": "#0"},
				"down": {"uv": [11.25, 7, 10.75, 7.5], "texture": "#0"}
			}
		},
		{
			"from": [12.5, 25, 6],
			"to": [14.5, 28, 8],
			"rotation": {"angle": -45, "axis": "z", "origin": [9, 15.5, 7]},
			"faces": {
				"north": {"uv": [9.5, 6.75, 10, 7.5], "texture": "#0"},
				"east": {"uv": [7.5, 9.5, 8, 10.25], "texture": "#0"},
				"south": {"uv": [8, 9.5, 8.5, 10.25], "texture": "#0"},
				"west": {"uv": [8.5, 9.5, 9, 10.25], "texture": "#0"},
				"up": {"uv": [8, 11.25, 7.5, 10.75], "texture": "#0"},
				"down": {"uv": [11.25, 7.5, 10.75, 8], "texture": "#0"}
			}
		},
		{
			"from": [8.5, 4.5, 6],
			"to": [12.5, 6.5, 8],
			"rotation": {"angle": -45, "axis": "z", "origin": [9, 15.5, 7]},
			"faces": {
				"north": {"uv": [8.25, 1.5, 9.25, 2], "texture": "#0"},
				"east": {"uv": [8, 10.75, 8.5, 11.25], "texture": "#0"},
				"south": {"uv": [8.25, 7.5, 9.25, 8], "texture": "#0"},
				"west": {"uv": [10.75, 8, 11.25, 8.5], "texture": "#0"},
				"up": {"uv": [9.25, 8.5, 8.25, 8], "texture": "#0"},
				"down": {"uv": [9.5, 3, 8.5, 3.5], "texture": "#0"}
			}
		},
		{
			"from": [7.5, 6, 6],
			"to": [9.5, 9, 8],
			"rotation": {"angle": -45, "axis": "z", "origin": [9, 15.5, 7]},
			"faces": {
				"north": {"uv": [9, 9.5, 9.5, 10.25], "texture": "#0"},
				"east": {"uv": [9.5, 9.5, 10, 10.25], "texture": "#0"},
				"south": {"uv": [0, 9.75, 0.5, 10.5], "texture": "#0"},
				"west": {"uv": [0.5, 9.75, 1, 10.5], "texture": "#0"},
				"up": {"uv": [9, 11.25, 8.5, 10.75], "texture": "#0"},
				"down": {"uv": [11.25, 8.5, 10.75, 9], "texture": "#0"}
			}
		},
		{
			"from": [11.5, 6, 6],
			"to": [13.5, 9, 8],
			"rotation": {"angle": -45, "axis": "z", "origin": [9, 15.5, 7]},
			"faces": {
				"north": {"uv": [1, 9.75, 1.5, 10.5], "texture": "#0"},
				"east": {"uv": [9.75, 1.25, 10.25, 2], "texture": "#0"},
				"south": {"uv": [1.5, 9.75, 2, 10.5], "texture": "#0"},
				"west": {"uv": [2, 9.75, 2.5, 10.5], "texture": "#0"},
				"up": {"uv": [9.5, 11.25, 9, 10.75], "texture": "#0"},
				"down": {"uv": [11.25, 9, 10.75, 9.5], "texture": "#0"}
			}
		},
		{
			"from": [5.5, 24.5, 6],
			"to": [9.5, 26.5, 8],
			"rotation": {"angle": -45, "axis": "z", "origin": [9, 15.5, 7]},
			"faces": {
				"north": {"uv": [8.5, 3.5, 9.5, 4], "texture": "#0"},
				"east": {"uv": [10.75, 9.5, 11.25, 10], "texture": "#0"},
				"south": {"uv": [8.5, 4, 9.5, 4.5], "texture": "#0"},
				"west": {"uv": [10.75, 10, 11.25, 10.5], "texture": "#0"},
				"up": {"uv": [9.5, 5, 8.5, 4.5], "texture": "#0"},
				"down": {"uv": [8.75, 8.5, 7.75, 9], "texture": "#0"}
			}
		},
		{
			"from": [8.5, 22, 6],
			"to": [10.5, 25, 8],
			"rotation": {"angle": -45, "axis": "z", "origin": [9, 15.5, 7]},
			"faces": {
				"north": {"uv": [2.5, 9.75, 3, 10.5], "texture": "#0"},
				"east": {"uv": [3, 9.75, 3.5, 10.5], "texture": "#0"},
				"south": {"uv": [3.5, 9.75, 4, 10.5], "texture": "#0"},
				"west": {"uv": [4.75, 9.75, 5.25, 10.5], "texture": "#0"},
				"up": {"uv": [11.25, 11, 10.75, 10.5], "texture": "#0"},
				"down": {"uv": [0.5, 11, 0, 11.5], "texture": "#0"}
			}
		},
		{
			"from": [4.5, 22, 6],
			"to": [6.5, 25, 8],
			"rotation": {"angle": -45, "axis": "z", "origin": [9, 15.5, 7]},
			"faces": {
				"north": {"uv": [9.75, 4.75, 10.25, 5.5], "texture": "#0"},
				"east": {"uv": [5.25, 9.75, 5.75, 10.5], "texture": "#0"},
				"south": {"uv": [6.25, 9.75, 6.75, 10.5], "texture": "#0"},
				"west": {"uv": [6.75, 9.75, 7.25, 10.5], "texture": "#0"},
				"up": {"uv": [1, 11.5, 0.5, 11], "texture": "#0"},
				"down": {"uv": [1.5, 11, 1, 11.5], "texture": "#0"}
			}
		},
		{
			"from": [-2, 15, 6],
			"to": [0, 19, 8],
			"rotation": {"angle": -45, "axis": "z", "origin": [9, 15.5, 7]},
			"faces": {
				"north": {"uv": [0, 8.75, 0.5, 9.75], "texture": "#0"},
				"east": {"uv": [0.5, 8.75, 1, 9.75], "texture": "#0"},
				"south": {"uv": [1, 8.75, 1.5, 9.75], "texture": "#0"},
				"west": {"uv": [1.5, 8.75, 2, 9.75], "texture": "#0"},
				"up": {"uv": [11.5, 1.5, 11, 1], "texture": "#0"},
				"down": {"uv": [2, 11, 1.5, 11.5], "texture": "#0"}
			}
		},
		{
			"from": [-0.5, 14, 6],
			"to": [2.5, 16, 8],
			"rotation": {"angle": -45, "axis": "z", "origin": [9, 15.5, 7]},
			"faces": {
				"north": {"uv": [9.5, 8.5, 10.25, 9], "texture": "#0"},
				"east": {"uv": [11, 1.5, 11.5, 2], "texture": "#0"},
				"south": {"uv": [10, 0, 10.75, 0.5], "texture": "#0"},
				"west": {"uv": [2, 11, 2.5, 11.5], "texture": "#0"},
				"up": {"uv": [10.75, 1, 10, 0.5], "texture": "#0"},
				"down": {"uv": [10.75, 2, 10, 2.5], "texture": "#0"}
			}
		},
		{
			"from": [-0.5, 18, 6],
			"to": [2.5, 20, 8],
			"rotation": {"angle": -45, "axis": "z", "origin": [9, 15.5, 7]},
			"faces": {
				"north": {"uv": [10, 2.5, 10.75, 3], "texture": "#0"},
				"east": {"uv": [2.5, 11, 3, 11.5], "texture": "#0"},
				"south": {"uv": [10, 3, 10.75, 3.5], "texture": "#0"},
				"west": {"uv": [3, 11, 3.5, 11.5], "texture": "#0"},
				"up": {"uv": [10.75, 4, 10, 3.5], "texture": "#0"},
				"down": {"uv": [4.75, 10, 4, 10.5], "texture": "#0"}
			}
		},
		{
			"from": [18, 12, 6],
			"to": [20, 16, 8],
			"rotation": {"angle": -45, "axis": "z", "origin": [9, 15.5, 7]},
			"faces": {
				"north": {"uv": [2, 8.75, 2.5, 9.75], "texture": "#0"},
				"east": {"uv": [2.5, 8.75, 3, 9.75], "texture": "#0"},
				"south": {"uv": [8.75, 5, 9.25, 6], "texture": "#0"},
				"west": {"uv": [5.25, 8.75, 5.75, 9.75], "texture": "#0"},
				"up": {"uv": [4, 11.5, 3.5, 11], "texture": "#0"},
				"down": {"uv": [4.5, 11, 4, 11.5], "texture": "#0"}
			}
		},
		{
			"from": [15.5, 15, 6],
			"to": [18.5, 17, 8],
			"rotation": {"angle": -45, "axis": "z", "origin": [9, 15.5, 7]},
			"faces": {
				"north": {"uv": [10, 6.75, 10.75, 7.25], "texture": "#0"},
				"east": {"uv": [11, 4, 11.5, 4.5], "texture": "#0"},
				"south": {"uv": [10, 7.25, 10.75, 7.75], "texture": "#0"},
				"west": {"uv": [4.5, 11, 5, 11.5], "texture": "#0"},
				"up": {"uv": [10.75, 8.25, 10, 7.75], "texture": "#0"},
				"down": {"uv": [10.75, 9, 10, 9.5], "texture": "#0"}
			}
		},
		{
			"from": [15.5, 11, 6],
			"to": [18.5, 13, 8],
			"rotation": {"angle": -45, "axis": "z", "origin": [9, 15.5, 7]},
			"faces": {
				"north": {"uv": [10, 9.5, 10.75, 10], "texture": "#0"},
				"east": {"uv": [11, 4.5, 11.5, 5], "texture": "#0"},
				"south": {"uv": [10, 10, 10.75, 10.5], "texture": "#0"},
				"west": {"uv": [5, 11, 5.5, 11.5], "texture": "#0"},
				"up": {"uv": [11, 1.5, 10.25, 1], "texture": "#0"},
				"down": {"uv": [11, 1.5, 10.25, 2], "texture": "#0"}
			}
		},
		{
			"from": [8, 25, 6],
			"to": [10, 32, 8],
			"rotation": {"angle": 0, "axis": "y", "origin": [8, 25, 6]},
			"faces": {
				"north": {"uv": [6.25, 1, 6.75, 2.75], "texture": "#0"},
				"east": {"uv": [6.25, 2.75, 6.75, 4.5], "texture": "#0"},
				"south": {"uv": [6.25, 4.5, 6.75, 6.25], "texture": "#0"},
				"west": {"uv": [6.25, 6.25, 6.75, 8], "texture": "#0"},
				"up": {"uv": [11.5, 5.5, 11, 5], "texture": "#0"},
				"down": {"uv": [6, 11, 5.5, 11.5], "texture": "#0"}
			}
		},
		{
			"from": [7.5, 28, 5.5],
			"to": [10.5, 29, 8.5],
			"rotation": {"angle": 0, "axis": "y", "origin": [8.5, 28, 6.5]},
			"faces": {
				"north": {"uv": [10, 11, 10.75, 11.25], "texture": "#0"},
				"east": {"uv": [10.75, 11, 11.5, 11.25], "texture": "#0"},
				"south": {"uv": [11.25, 0, 12, 0.25], "texture": "#0"},
				"west": {"uv": [11.25, 0.25, 12, 0.5], "texture": "#0"},
				"up": {"uv": [7.5, 3, 6.75, 2.25], "texture": "#0"},
				"down": {"uv": [7.5, 3, 6.75, 3.75], "texture": "#0"}
			}
		},
		{
			"from": [7.5, 26, 5.5],
			"to": [10.5, 27, 8.5],
			"rotation": {"angle": 0, "axis": "y", "origin": [8.5, 26, 6.5]},
			"faces": {
				"north": {"uv": [11.25, 0.5, 12, 0.75], "texture": "#0"},
				"east": {"uv": [11.25, 0.75, 12, 1], "texture": "#0"},
				"south": {"uv": [11.25, 2, 12, 2.25], "texture": "#0"},
				"west": {"uv": [11.25, 2.25, 12, 2.5], "texture": "#0"},
				"up": {"uv": [7.5, 4.5, 6.75, 3.75], "texture": "#0"},
				"down": {"uv": [7.5, 4.5, 6.75, 5.25], "texture": "#0"}
			}
		},
		{
			"from": [6, -16, 6],
			"to": [7, 2, 8],
			"rotation": {"angle": 0, "axis": "y", "origin": [5, -3, 6]},
			"faces": {
				"north": {"uv": [5.75, 1, 6, 5.5], "texture": "#0"},
				"east": {"uv": [3.25, 0, 3.75, 4.5], "texture": "#0"},
				"south": {"uv": [5.75, 5.5, 6, 10], "texture": "#0"},
				"west": {"uv": [3.75, 0, 4.25, 4.5], "texture": "#0"},
				"up": {"uv": [3.25, 7, 3, 6.5], "texture": "#0"},
				"down": {"uv": [3.25, 7, 3, 7.5], "texture": "#0"}
			}
		},
		{
			"from": [8, -15, 6],
			"to": [10, 3, 8],
			"rotation": {"angle": 0, "axis": "y", "origin": [8, -12, 6]},
			"faces": {
				"north": {"uv": [4.25, 0, 4.75, 4.5], "texture": "#0"},
				"east": {"uv": [3.25, 4.5, 3.75, 9], "texture": "#0"},
				"south": {"uv": [3.75, 4.5, 4.25, 9], "texture": "#0"},
				"west": {"uv": [4.25, 4.5, 4.75, 9], "texture": "#0"},
				"up": {"uv": [11.5, 6, 11, 5.5], "texture": "#0"},
				"down": {"uv": [6.5, 11, 6, 11.5], "texture": "#0"}
			}
		},
		{
			"from": [11, -16, 6],
			"to": [12, 2, 8],
			"rotation": {"angle": 0, "axis": "y", "origin": [11, -13, 6]},
			"faces": {
				"north": {"uv": [6, 1, 6.25, 5.5], "texture": "#0"},
				"east": {"uv": [4.75, 0, 5.25, 4.5], "texture": "#0"},
				"south": {"uv": [6, 5.5, 6.25, 10], "texture": "#0"},
				"west": {"uv": [4.75, 4.5, 5.25, 9], "texture": "#0"},
				"up": {"uv": [3.25, 8, 3, 7.5], "texture": "#0"},
				"down": {"uv": [3.25, 8, 3, 8.5], "texture": "#0"}
			}
		},
		{
			"from": [7.5, 4, 6],
			"to": [10.5, 6, 8],
			"rotation": {"angle": 0, "axis": "y", "origin": [8.5, -11, 6]},
			"faces": {
				"north": {"uv": [10.25, 4, 11, 4.5], "texture": "#0"},
				"east": {"uv": [6.5, 11, 7, 11.5], "texture": "#0"},
				"south": {"uv": [10.25, 4.5, 11, 5], "texture": "#0"},
				"west": {"uv": [9.5, 11, 10, 11.5], "texture": "#0"},
				"up": {"uv": [11, 5.5, 10.25, 5], "texture": "#0"},
				"down": {"uv": [11, 5.5, 10.25, 6], "texture": "#0"}
			}
		}
	],
	"display": {
		"thirdperson_righthand": {
			"rotation": [0, -95, -48],
			"translation": [-1, 0, 0],
			"scale": [0.2, 0.2, 0.2]
		},
		"thirdperson_lefthand": {
			"rotation": [0, -95, -48],
			"scale": [0.2, 0.2, 0.2]
		},
		"firstperson_righthand": {
			"translation": [3, -0.5, 0],
			"scale": [0.3, 0.3, 0.3]
		},
		"firstperson_lefthand": {
			"translation": [3, -0.5, 0],
			"scale": [0.3, 0.3, 0.3]
		},
		"ground": {
			"rotation": [-81, -30, 0],
			"translation": [0, 2, 0],
			"scale": [0.3, 0.3, 0.3]
		},
		"gui": {
			"rotation": [-20, 0, 50],
			"translation": [-0.25, -0.5, 0],
			"scale": [0.38, 0.38, 0.38]
		},
		"head": {
			"rotation": [0, -94, 0],
			"translation": [-8.5, 0.5, -3.5],
			"scale": [0.25, 0.23, 0.23]
		},
		"fixed": {
			"translation": [-0.5, 0, 0],
			"scale": [0.4, 0.4, 0.4]
		}
	},
	"groups": [
		{
			"name": "group",
			"origin": [0, 0, 0],
			"color": 0,
			"children": [
				0,
				{
					"name": "group",
					"origin": [3, 0, 5],
					"color": 0,
					"children": [1, 2, 3, 4, 5, 6, 7, 8, 9]
				},
				{
					"name": "group",
					"origin": [3, 0, 5],
					"color": 0,
					"children": [
						10,
						11,
						12,
						13,
						14,
						15,
						16,
						17,
						18,
						{
							"name": "group",
							"origin": [12, 7, 6],
							"color": 0,
							"children": [
								19,
								20,
								21,
								{
									"name": "group",
									"origin": [12, 7, 6],
									"color": 0,
									"children": [22, 23, 24]
								},
								{
									"name": "group",
									"origin": [12, 7, 6],
									"color": 0,
									"children": [
										25,
										26,
										27,
										{
											"name": "group",
											"origin": [12, 7, 6],
											"color": 0,
											"children": [28, 29, 30]
										}
									]
								},
								{
									"name": "group",
									"origin": [3, 0, 5],
									"color": 0,
									"children": [31, 32, 33]
								},
								{
									"name": "group",
									"origin": [8, 8, 8],
									"color": 0,
									"children": [34, 35, 36, 37]
								}
							]
						}
					]
				}
			]
		}
	]
}