{
	"credit": "Made with Blockbench",
	"texture_size": [300, 300],
	"textures": {
		"0": "item/guan05",
		"particle": "item/guan05"
	},
	"elements": [
		{
			"from": [0, 0, 0],
			"to": [16, 16, 1],
			"faces": {
				"north": {"uv": [0, 0, 0.85333, 0.85333], "texture": "#0"},
				"east": {"uv": [0, 0, 0.05333, 0.85333], "texture": "#0"},
				"south": {"uv": [0, 0, 16, 16], "texture": "#0"},
				"west": {"uv": [0, 0, 0.05333, 0.85333], "texture": "#0"},
				"up": {"uv": [0, 0, 0.85333, 0.05333], "texture": "#0"},
				"down": {"uv": [0, 0, 0.85333, 0.05333], "texture": "#0"}
			}
		}
	],
	"display": {
		"fixed": {
			"rotation": [-180, 0, 0],
			"translation": [0, 0, -7.25],
			"scale": [2, 2, 1]
		}
	}
}