{
	"credit": "Made with Blockbench",
	"texture_size": [128, 128],
	"textures": {
		"0": "item/huarongdao",
		"particle": "item/huarongdao"
	},
	"elements": [
		{
			"from": [0, -2, -2],
			"to": [1, 32, 32],
			"faces": {
				"north": {"uv": [5.5, 0, 5.625, 4.25], "texture": "#0"},
				"east": {"uv": [0, 0, 4.25, 4.25], "texture": "#0"},
				"south": {"uv": [5.5, 4.25, 5.625, 8.5], "texture": "#0"},
				"west": {"uv": [0, 4.25, 4.25, 8.5], "texture": "#0"},
				"up": {"uv": [5.75, 4.25, 5.625, 0], "texture": "#0"},
				"down": {"uv": [5.75, 4.25, 5.625, 8.5], "texture": "#0"}
			}
		},
		{
			"from": [1, -2, -2],
			"to": [3, 32, -1],
			"faces": {
				"north": {"uv": [5, 0, 5.25, 4.25], "texture": "#0"},
				"east": {"uv": [5.75, 0, 5.875, 4.25], "texture": "#0"},
				"south": {"uv": [5, 4.25, 5.25, 8.5], "texture": "#0"},
				"west": {"uv": [5.75, 4.25, 5.875, 8.5], "texture": "#0"},
				"up": {"uv": [6.25, 1.125, 6, 1], "texture": "#0"},
				"down": {"uv": [6.25, 1.125, 6, 1.25], "texture": "#0"}
			}
		},
		{
			"from": [1, -2, 31],
			"to": [3, 32, 32],
			"rotation": {"angle": 0, "axis": "y", "origin": [0, 0, 33]},
			"faces": {
				"north": {"uv": [5.25, 0, 5.5, 4.25], "texture": "#0"},
				"east": {"uv": [5.875, 0, 6, 4.25], "texture": "#0"},
				"south": {"uv": [5.25, 4.25, 5.5, 8.5], "texture": "#0"},
				"west": {"uv": [5.875, 4.25, 6, 8.5], "texture": "#0"},
				"up": {"uv": [6.25, 1.375, 6, 1.25], "texture": "#0"},
				"down": {"uv": [6.25, 1.375, 6, 1.5], "texture": "#0"}
			}
		},
		{
			"from": [0, -2, -1],
			"to": [3, -1, 31],
			"rotation": {"angle": 0, "axis": "y", "origin": [0, -2, 0]},
			"faces": {
				"north": {"uv": [6, 0.75, 6.375, 0.875], "texture": "#0"},
				"east": {"uv": [6, 0.25, 10, 0.375], "texture": "#0"},
				"south": {"uv": [6, 0.875, 6.375, 1], "texture": "#0"},
				"west": {"uv": [6, 0.375, 10, 0.5], "texture": "#0"},
				"up": {"uv": [5, 4, 4.625, 0], "texture": "#0"},
				"down": {"uv": [5, 4, 4.625, 8], "texture": "#0"}
			}
		},
		{
			"from": [0, 31, -1],
			"to": [3, 32, 31],
			"rotation": {"angle": 0, "axis": "y", "origin": [0, 31, 0]},
			"faces": {
				"north": {"uv": [6, 0.5, 6.375, 0.625], "texture": "#0"},
				"east": {"uv": [6, 0, 10, 0.125], "texture": "#0"},
				"south": {"uv": [6, 0.625, 6.375, 0.75], "texture": "#0"},
				"west": {"uv": [6, 0.125, 10, 0.25], "texture": "#0"},
				"up": {"uv": [4.625, 4, 4.25, 0], "texture": "#0"},
				"down": {"uv": [4.625, 4, 4.25, 8], "texture": "#0"}
			}
		}
	],
	"groups": [
		{
			"name": "group",
			"origin": [8, 8, 8],
			"color": 0,
			"children": [0, 1, 2, 3, 4]
		}
	]
}