{
	"credit": "Made with Blockbench",
	"texture_size": [64, 64],
	"textures": {
		"1": "item/juanzhou"
	},
	"elements": [
		{
			"from": [5.5, 5, 0],
			"to": [10.5, 10, 16],
			"rotation": {"angle": 22.5, "axis": "z", "origin": [5.5, 3, 0]},
			"faces": {
				"north": {"uv": [4, 0, 5.25, 1.25], "texture": "#1"},
				"east": {"uv": [0, 0, 4, 1.25], "texture": "#1"},
				"south": {"uv": [4, 1.25, 5.25, 2.5], "texture": "#1"},
				"west": {"uv": [0, 1.25, 4, 2.5], "texture": "#1"},
				"up": {"uv": [1.25, 6.5, 0, 2.5], "texture": "#1"},
				"down": {"uv": [2.5, 2.5, 1.25, 6.5], "texture": "#1"}
			}
		},
		{
			"from": [5.5, 1, 0],
			"to": [10.5, 6, 16],
			"rotation": {"angle": 22.5, "axis": "z", "origin": [5.5, -1, 0]},
			"faces": {
				"north": {"uv": [5.25, 0, 6.5, 1.25], "texture": "#1"},
				"east": {"uv": [2.5, 2.5, 6.5, 3.75], "texture": "#1"},
				"south": {"uv": [5.25, 1.25, 6.5, 2.5], "texture": "#1"},
				"west": {"uv": [2.5, 3.75, 6.5, 5], "texture": "#1"},
				"up": {"uv": [3.75, 9, 2.5, 5], "texture": "#1"},
				"down": {"uv": [5, 5, 3.75, 9], "texture": "#1"}
			}
		},
		{
			"from": [8.5, 1, 7.5],
			"to": [9.5, 11.5, 8.5],
			"rotation": {"angle": 0, "axis": "y", "origin": [8.5, 4, 7.5]},
			"faces": {
				"north": {"uv": [0.25, 6.5, 0.5, 9.25], "texture": "#1"},
				"east": {"uv": [0.5, 6.5, 0.75, 9.25], "texture": "#1"},
				"south": {"uv": [0.75, 6.5, 1, 9.25], "texture": "#1"},
				"west": {"uv": [1, 6.5, 1.25, 9.25], "texture": "#1"},
				"up": {"uv": [2.5, 6.75, 2.25, 6.5], "texture": "#1"},
				"down": {"uv": [6.75, 3.5, 6.5, 3.75], "texture": "#1"}
			}
		},
		{
			"from": [3.6, 0.5, 7.5],
			"to": [8.6, 12, 8.5],
			"rotation": {"angle": 0, "axis": "y", "origin": [3.6, 3.5, 8.5]},
			"faces": {
				"north": {"uv": [5, 5, 6.25, 8], "texture": "#1"},
				"east": {"uv": [0, 6.5, 0.25, 9.5], "texture": "#1"},
				"south": {"uv": [6.25, 5, 7.5, 8], "texture": "#1"},
				"west": {"uv": [6.5, 0, 6.75, 3], "texture": "#1"},
				"up": {"uv": [7.75, 3.25, 6.5, 3], "texture": "#1"},
				"down": {"uv": [7.75, 3.25, 6.5, 3.5], "texture": "#1"}
			}
		},
		{
			"from": [2.75, 1, 7.5],
			"to": [3.75, 11.5, 8.5],
			"rotation": {"angle": 0, "axis": "y", "origin": [2.75, 1, 7.5]},
			"faces": {
				"north": {"uv": [1.25, 6.5, 1.5, 9.25], "texture": "#1"},
				"east": {"uv": [1.5, 6.5, 1.75, 9.25], "texture": "#1"},
				"south": {"uv": [1.75, 6.5, 2, 9.25], "texture": "#1"},
				"west": {"uv": [2, 6.5, 2.25, 9.25], "texture": "#1"},
				"up": {"uv": [6.75, 4, 6.5, 3.75], "texture": "#1"},
				"down": {"uv": [6.75, 4, 6.5, 4.25], "texture": "#1"}
			}
		},
		{
			"from": [9, 6.5, 7.3],
			"to": [10, 7.5, 8.3],
			"rotation": {"angle": 45, "axis": "x", "origin": [9, 6.5, 7.3]},
			"faces": {
				"north": {"uv": [6.5, 4.25, 6.75, 4.5], "texture": "#1"},
				"east": {"uv": [6.5, 4.5, 6.75, 4.75], "texture": "#1"},
				"south": {"uv": [6.5, 4.75, 6.75, 5], "texture": "#1"},
				"west": {"uv": [6.75, 0, 7, 0.25], "texture": "#1"},
				"up": {"uv": [7, 0.5, 6.75, 0.25], "texture": "#1"},
				"down": {"uv": [7, 0.5, 6.75, 0.75], "texture": "#1"}
			}
		}
	],
	"display": {
		"thirdperson_righthand": {
			"rotation": [87, -180, -14],
			"translation": [-0.5, 0.5, 0],
			"scale": [0.36, 0.36, 0.36]
		},
		"thirdperson_lefthand": {
			"rotation": [87, -180, -13],
			"translation": [0.75, -0.25, 0],
			"scale": [0.36, 0.36, 0.36]
		},
		"firstperson_righthand": {
			"rotation": [24, 1, -13],
			"translation": [0.5, 1.5, 0.75],
			"scale": [0.6, 0.6, 0.6]
		},
		"firstperson_lefthand": {
			"rotation": [24, 1, 8],
			"translation": [-0.5, 1.5, 0.5],
			"scale": [0.6, 0.6, 0.6]
		},
		"ground": {
			"translation": [0, -1, 0]
		},
		"gui": {
			"rotation": [18, -60, 0],
			"translation": [0.75, 0.5, 0],
			"scale": [0.8, 0.8, 0.8]
		},
		"fixed": {
			"rotation": [29, -78, 4],
			"translation": [-0.75, 0.5, -1.25]
		}
	},
	"groups": [
		{
			"name": "group",
			"origin": [8, 8, 8],
			"color": 0,
			"children": [
				0,
				1,
				{
					"name": "group",
					"origin": [4, 7.25, 8.5],
					"color": 0,
					"children": [2, 3, 4]
				},
				5
			]
		}
	]
}