{
	"credit": "Made with Blockbench",
	"texture_size": [64, 64],
	"textures": {
		"0": "item/shoutao",
		"particle": "shoutao"
	},
	"elements": [
		{
			"from": [6, 6, 7],
			"to": [14, 15, 14],
			"rotation": {"angle": 0, "axis": "y", "origin": [6, 7, 7]},
			"faces": {
				"north": {"uv": [2.5, 0, 4.5, 2.25], "texture": "#0"},
				"east": {"uv": [0, 4.5, 1.75, 6.75], "texture": "#0"},
				"south": {"uv": [2.5, 2.25, 4.5, 4.5], "texture": "#0"},
				"west": {"uv": [4.5, 0, 6.25, 2.25], "texture": "#0"},
				"up": {"uv": [3.75, 6.25, 1.75, 4.5], "texture": "#0"},
				"down": {"uv": [6.5, 2.25, 4.5, 4], "texture": "#0"}
			}
		},
		{
			"from": [6, 15, 7],
			"to": [14, 16, 10],
			"rotation": {"angle": 0, "axis": "y", "origin": [6, 15, 7]},
			"faces": {
				"north": {"uv": [5.75, 6, 7.75, 6.25], "texture": "#0"},
				"east": {"uv": [3.5, 6.75, 4.25, 7], "texture": "#0"},
				"south": {"uv": [6.25, 0, 8.25, 0.25], "texture": "#0"},
				"west": {"uv": [4.25, 6.75, 5, 7], "texture": "#0"},
				"up": {"uv": [5.75, 5.25, 3.75, 4.5], "texture": "#0"},
				"down": {"uv": [5.75, 5.25, 3.75, 6], "texture": "#0"}
			}
		},
		{
			"from": [6, 16, 7],
			"to": [8, 18, 9],
			"rotation": {"angle": 0, "axis": "y", "origin": [6, 16, 7]},
			"faces": {
				"north": {"uv": [6.25, 1.25, 6.75, 1.75], "texture": "#0"},
				"east": {"uv": [1.75, 6.25, 2.25, 6.75], "texture": "#0"},
				"south": {"uv": [6.25, 1.75, 6.75, 2.25], "texture": "#0"},
				"west": {"uv": [2.25, 6.25, 2.75, 6.75], "texture": "#0"},
				"up": {"uv": [3.25, 6.75, 2.75, 6.25], "texture": "#0"},
				"down": {"uv": [3.75, 6.25, 3.25, 6.75], "texture": "#0"}
			}
		},
		{
			"from": [12, 16, 7],
			"to": [14, 18, 9],
			"rotation": {"angle": 0, "axis": "y", "origin": [12, 16, 7]},
			"faces": {
				"north": {"uv": [5.75, 6.25, 6.25, 6.75], "texture": "#0"},
				"east": {"uv": [6.25, 6.25, 6.75, 6.75], "texture": "#0"},
				"south": {"uv": [6.5, 2.25, 7, 2.75], "texture": "#0"},
				"west": {"uv": [6.5, 2.75, 7, 3.25], "texture": "#0"},
				"up": {"uv": [7, 3.75, 6.5, 3.25], "texture": "#0"},
				"down": {"uv": [0.5, 6.75, 0, 7.25], "texture": "#0"}
			}
		},
		{
			"from": [9, 16, 7],
			"to": [11, 18, 9],
			"rotation": {"angle": 0, "axis": "y", "origin": [9, 16, 7]},
			"faces": {
				"north": {"uv": [0.5, 6.75, 1, 7.25], "texture": "#0"},
				"east": {"uv": [1, 6.75, 1.5, 7.25], "texture": "#0"},
				"south": {"uv": [6.75, 1.25, 7.25, 1.75], "texture": "#0"},
				"west": {"uv": [1.5, 6.75, 2, 7.25], "texture": "#0"},
				"up": {"uv": [7.25, 2.25, 6.75, 1.75], "texture": "#0"},
				"down": {"uv": [2.5, 6.75, 2, 7.25], "texture": "#0"}
			}
		},
		{
			"from": [10, 15, 11],
			"to": [14, 16, 14],
			"rotation": {"angle": 0, "axis": "y", "origin": [10, 15, 12]},
			"faces": {
				"north": {"uv": [6.5, 3.75, 7.5, 4], "texture": "#0"},
				"east": {"uv": [5, 6.75, 5.75, 7], "texture": "#0"},
				"south": {"uv": [2.5, 6.75, 3.5, 7], "texture": "#0"},
				"west": {"uv": [5.75, 6.75, 6.5, 7], "texture": "#0"},
				"up": {"uv": [4.75, 6.75, 3.75, 6], "texture": "#0"},
				"down": {"uv": [5.75, 6, 4.75, 6.75], "texture": "#0"}
			}
		},
		{
			"from": [11, 16, 12],
			"to": [14, 17, 14],
			"rotation": {"angle": 0, "axis": "y", "origin": [12, 16, 12]},
			"faces": {
				"north": {"uv": [6.75, 6.25, 7.5, 6.5], "texture": "#0"},
				"east": {"uv": [6.75, 6.5, 7.25, 6.75], "texture": "#0"},
				"south": {"uv": [6.5, 6.75, 7.25, 7], "texture": "#0"},
				"west": {"uv": [7, 0.25, 7.5, 0.5], "texture": "#0"},
				"up": {"uv": [7, 0.75, 6.25, 0.25], "texture": "#0"},
				"down": {"uv": [7, 0.75, 6.25, 1.25], "texture": "#0"}
			}
		},
		{
			"from": [5.25, 7, 6.25],
			"to": [14.75, 9, 14.75],
			"rotation": {"angle": 0, "axis": "y", "origin": [5.25, 7, 6.25]},
			"faces": {
				"north": {"uv": [4.5, 4, 7, 4.5], "texture": "#0"},
				"east": {"uv": [5.75, 5, 8, 5.5], "texture": "#0"},
				"south": {"uv": [5.75, 4.5, 8.25, 5], "texture": "#0"},
				"west": {"uv": [5.75, 5.5, 8, 6], "texture": "#0"},
				"up": {"uv": [2.5, 2.25, 0, 0], "texture": "#0"},
				"down": {"uv": [2.5, 2.25, 0, 4.5], "texture": "#0"}
			}
		}
	],
	"display": {
		"thirdperson_righthand": {
			"rotation": [-90, -93, 0],
			"translation": [2, -3.25, 3],
			"scale": [0.64, 0.6, 0.71]
		},
		"thirdperson_lefthand": {
			"rotation": [-80, -93, 0],
			"translation": [2, -0.5, 3],
			"scale": [0.64, 0.64, 0.71]
		},
		"firstperson_righthand": {
			"rotation": [-63, -180, 0],
			"translation": [9, -0.75, 5]
		},
		"firstperson_lefthand": {
			"rotation": [-72, -180, 0],
			"translation": [4.25, -1, 5]
		},
		"ground": {
			"rotation": [-85, -180, -180],
			"translation": [-1.5, 4.75, -1.5]
		},
		"gui": {
			"rotation": [-59, -180, -52],
			"translation": [4.5, 2, 0],
			"scale": [1.05, 1.05, 1.05]
		},
		"fixed": {
			"rotation": [-88, 0, 0],
			"translation": [-2.75, -4.25, 7.5],
			"scale": [1.5, 1.5, 1.5]
		}
	},
	"groups": [
		{
			"name": "group",
			"origin": [8, 8, 8],
			"color": 0,
			"children": [0, 1, 2, 3, 4, 5, 6, 7]
		}
	]
}