{
	"model": {
		"type": "minecraft:select",
		"property": "minecraft:custom_model_data",
		"cases": [
			{
				"when": "u3u",
				"model": {
					"type": "minecraft:model",
					"model": "animated_java:blueprint/npc/u3u/body"
				}
			},
			{
				"when": "chenlong",
				"model": {
					"type": "minecraft:model",
					"model": "animated_java:blueprint/npc/chenlong/body"
				}
			},
			{
				"when": "sishe",
				"model": {
					"type": "minecraft:model",
					"model": "animated_java:blueprint/npc/sishe/body"
				}
			},
			{
				"when": "nonghu",
				"model": {
					"type": "minecraft:model",
					"model": "animated_java:blueprint/npc/nonghu/body"
				}
			},
			{
				"when": "hareko",
				"model": {
					"type": "minecraft:model",
					"model": "animated_java:blueprint/npc/hareko/body"
				}
			},
			{
				"when": "orange",
				"model": {
					"type": "minecraft:model",
					"model": "animated_java:blueprint/npc/orange/body"
				}
			},
			{
				"when": "yihan",
				"model": {
					"type": "minecraft:model",
					"model": "animated_java:blueprint/npc/yihan/body"
				}
			},
			{
				"when": "alakia",
				"model": {
					"type": "minecraft:model",
					"model": "animated_java:blueprint/npc/alakia/body"
				}
			},
			{
				"when": "heimao",
				"model": {
					"type": "minecraft:model",
					"model": "animated_java:blueprint/npc/heimao/body"
				}
			}
		],
		"fallback": {
			"type": "minecraft:model",
			"model": "animated_java:blueprint/npc/body"
		},
		"tints": [
			{
				"type": "minecraft:dye",
				"default": [1, 1, 1]
			}
		]
	}
}