{
	"model": {
		"type": "minecraft:select",
		"property": "minecraft:custom_model_data",
		"cases": [
			{
				"when": "u3u",
				"model": {
					"type": "minecraft:model",
					"model": "animated_java:blueprint/npc/u3u/head"
				}
			},
			{
				"when": "chenlong",
				"model": {
					"type": "minecraft:model",
					"model": "animated_java:blueprint/npc/chenlong/head"
				}
			},
			{
				"when": "sishe",
				"model": {
					"type": "minecraft:model",
					"model": "animated_java:blueprint/npc/sishe/head"
				}
			},
			{
				"when": "nonghu",
				"model": {
					"type": "minecraft:model",
					"model": "animated_java:blueprint/npc/nonghu/head"
				}
			},
			{
				"when": "hareko",
				"model": {
					"type": "minecraft:model",
					"model": "animated_java:blueprint/npc/hareko/head"
				}
			},
			{
				"when": "orange",
				"model": {
					"type": "minecraft:model",
					"model": "animated_java:blueprint/npc/orange/head"
				}
			},
			{
				"when": "yihan",
				"model": {
					"type": "minecraft:model",
					"model": "animated_java:blueprint/npc/yihan/head"
				}
			},
			{
				"when": "alakia",
				"model": {
					"type": "minecraft:model",
					"model": "animated_java:blueprint/npc/alakia/head"
				}
			},
			{
				"when": "heimao",
				"model": {
					"type": "minecraft:model",
					"model": "animated_java:blueprint/npc/heimao/head"
				}
			}
		],
		"fallback": {
			"type": "minecraft:model",
			"model": "animated_java:blueprint/npc/head"
		},
		"tints": [
			{
				"type": "minecraft:dye",
				"default": [1, 1, 1]
			}
		]
	}
}